customer_id,first_name,last_name,email,phone,join_date
1,Shaine,Siemantel,ssiemantel0@deviantart.com,(595) 1313170,2025-02-13
2,Shanda,Chippendale,schippendale1@github.io,(444) 1947881,2025-02-12
3,Rozelle,Helks,rhelks2@zimbio.com,(325) 5342134,2025-02-27
4,Sidney,Guillard,sguillard3@clickbank.net,(498) 5744082,2025-02-02
5,Dell,Spinelli,dspinelli4@deliciousdays.com,(773) 1930235,2025-02-24
6,Noella,McKmurrie,nmckmurrie5@feedburner.com,(200) 9081269,2025-02-06
7,Traci,Grisewood,tgrisewood6@jugem.jp,(755) 8538967,2025-02-16
8,Alvina,Spray,aspray7@desdev.cn,(983) 5758482,2025-02-16
9,Lucinda,Webborn,lwebborn8@geocities.jp,(746) 5168329,2025-02-12
10,Mallissa,Grumley,mgrumley9@slideshare.net,(740) 8209760,2025-02-22
11,Dunn,Jasper,djaspera@printfriendly.com,(707) 7392001,2025-02-11
12,Angeli,Hebard,ahebardb@bluehost.com,(733) 1815529,2025-02-18
13,Sharl,McCrone,smccronec@ebay.co.uk,(870) 3939301,2025-02-04
14,Aileen,Grinham,agrinhamd@tuttocitta.it,(773) 8958842,2025-02-17
15,Cherilyn,Stockdale,cstockdalee@berkeley.edu,(936) 9132337,2025-02-16
16,Hester,Daouse,hdaousef@independent.co.uk,(211) 2265321,2025-02-07
17,Alisha,Foli,afolig@netvibes.com,(501) 5387560,2025-02-17
18,Merl,Hawthorn,mhawthornh@apple.com,(384) 1388626,2025-02-14
19,Ellyn,Turfes,eturfesi@goodreads.com,(789) 3536605,2025-02-12
20,Legra,Stuer,lstuerj@state.gov,(207) 7622902,2025-02-14
21,Garrard,Pearmine,gpearminek@skype.com,(354) 7281494,2025-02-20
22,Sheena,Silliman,ssillimanl@bloglovin.com,(800) 1760738,2025-02-08
23,Bartholomeo,Patten,bpattenm@t-online.de,(524) 3664417,2025-02-11
24,Caesar,Holson,cholsonn@networkadvertising.org,(993) 4885461,2025-02-17
25,Rudolph,Knill,rknillo@miitbeian.gov.cn,(147) 8549067,2025-02-04
26,Denney,Errey,derreyp@bloglovin.com,(915) 1624694,2025-02-24
27,Hamid,Sleigh,hsleighq@wikipedia.org,(398) 4529519,2025-02-05
28,Ermin,Beynon,ebeynonr@yahoo.co.jp,(715) 3761807,2025-02-13
29,Annalise,Scorah,ascorahs@google.com.br,(555) 7577253,2025-02-24
30,Hi,McVane,hmcvanet@de.vu,(552) 6801087,2025-02-14
31,Eve,Alvarez,ealvarezu@netlog.com,(507) 3116359,2025-02-05
32,Gladys,Hamor,ghamorv@1und1.de,(583) 1593643,2025-02-12
33,Silvio,Oneile,soneilew@ustream.tv,(539) 4581035,2025-02-11
34,Daven,Atherton,dathertonx@umn.edu,(629) 3704883,2025-02-19
35,Frederica,Reach,freachy@dropbox.com,(358) 3689350,2025-02-14
36,Ethan,Cowwell,ecowwellz@dot.gov,(114) 1592447,2025-02-10
37,Daune,Imesson,dimesson10@yellowpages.com,(295) 6537961,2025-02-11
38,Giustina,Aldam,galdam11@trellian.com,(238) 7743564,2025-02-07
39,Willi,Crew,wcrew12@4shared.com,(567) 5265030,2025-02-06
40,Reinhold,Gommowe,rgommowe13@deliciousdays.com,(467) 9110450,2025-02-27
41,Broddie,Fairhead,bfairhead14@bbb.org,(132) 8373755,2025-02-10
42,Reynard,Fawdrey,rfawdrey15@sina.com.cn,(191) 2385229,2025-02-22
43,Gabbie,Poyntz,gpoyntz16@icio.us,(183) 4362231,2025-02-04
44,Gordon,Coleson,gcoleson17@ucsd.edu,(598) 2031336,2025-02-05
45,Benita,Wand,bwand18@paginegialle.it,(793) 8761878,2025-02-27
46,Hetti,Jelleman,hjelleman19@boston.com,(296) 2953843,2025-02-16
47,Dickie,Mountain,dmountain1a@aboutads.info,(252) 2917770,2025-02-14
48,Joby,Jennick,jjennick1b@ted.com,(991) 9500556,2025-02-07
49,Lethia,Burroughes,lburroughes1c@plala.or.jp,(580) 2164299,2025-02-14
50,Aigneis,Eudall,aeudall1d@storify.com,(493) 1089963,2025-02-15
51,Matias,Cupitt,mcupitt1e@fema.gov,(252) 6065376,2025-02-19
52,Sandy,Losselyong,slosselyong1f@scientificamerican.com,(277) 7618575,2025-02-24
53,Lorianne,Weiner,lweiner1g@360.cn,(288) 7173648,2025-02-14
54,Miquela,Laroux,mlaroux1h@clickbank.net,(887) 6402229,2025-02-01
55,Jelene,Scintsbury,jscintsbury1i@elegantthemes.com,(136) 2764694,2025-02-24
56,Douglas,Carillo,dcarillo1j@naver.com,(489) 5914751,2025-02-14
57,Garey,Alfonsetto,galfonsetto1k@cmu.edu,(655) 8954831,2025-02-22
58,Wren,Runacres,wrunacres1l@lycos.com,(643) 9957318,2025-02-01
59,Barbey,Jakes,bjakes1m@timesonline.co.uk,(106) 8763419,2025-02-14
60,Vidovic,Steuart,vsteuart1n@thetimes.co.uk,(224) 4456752,2025-02-08
61,Merridie,Cicchelli,mcicchelli1o@fotki.com,(778) 7214164,2025-02-02
62,Silas,McQuarrie,smcquarrie1p@technorati.com,(445) 4893328,2025-02-22
63,Casandra,Mingo,cmingo1q@alexa.com,(525) 3325702,2025-02-04
64,Carroll,McKnish,cmcknish1r@noaa.gov,(925) 5840527,2025-02-27
65,Jerrold,Fearnsides,jfearnsides1s@netscape.com,(524) 6056267,2025-02-04
66,Nariko,Goggin,ngoggin1t@wikimedia.org,(467) 6696053,2025-02-18
67,Othelia,Petkovic,opetkovic1u@wired.com,(883) 9096331,2025-02-22
68,Tania,Ziebart,tziebart1v@hexun.com,(871) 1489273,2025-02-06
69,Abbi,Cartwright,acartwright1w@google.de,(966) 2752317,2025-02-14
70,Roseanne,Wisby,rwisby1x@cbc.ca,(574) 7052006,2025-02-12
71,Yoko,Matyja,ymatyja1y@drupal.org,(181) 9454738,2025-02-21
72,Pippy,Hebbes,phebbes1z@about.me,(933) 4003360,2025-02-22
73,Rose,Stickland,rstickland20@state.tx.us,(684) 7202583,2025-02-15
74,Ulberto,Pucker,upucker21@netvibes.com,(199) 3015303,2025-02-09
75,Merry,Harkin,mharkin22@dropbox.com,(674) 4411542,2025-02-20
76,Modesta,Trowell,mtrowell23@google.pl,(650) 3467599,2025-02-06
77,Thorn,Niblo,tniblo24@usgs.gov,(681) 2495026,2025-02-19
78,Derby,Battle,dbattle25@springer.com,(325) 6497589,2025-02-26
79,Sabina,Lauga,slauga26@ed.gov,(109) 2602776,2025-02-08
80,Brynna,Brusby,bbrusby27@prlog.org,(835) 8535397,2025-02-09
81,Carney,Roos,croos28@bizjournals.com,(695) 2410135,2025-02-14
82,Tomkin,Ecclesall,tecclesall29@gnu.org,(950) 3463723,2025-02-17
83,Bella,Frisch,bfrisch2a@typepad.com,(316) 6107888,2025-02-12
84,Estelle,Maddock,emaddock2b@mac.com,(792) 7237824,2025-02-23
85,Arabele,Lemoir,alemoir2c@goo.ne.jp,(642) 9611112,2025-02-05
86,Robinia,Izzat,rizzat2d@imgur.com,(519) 2457959,2025-02-05
87,Britney,Blance,bblance2e@infoseek.co.jp,(969) 1169184,2025-02-27
88,Harmony,Willford,hwillford2f@wunderground.com,(317) 1715143,2025-02-11
89,Arliene,Paxman,apaxman2g@bravesites.com,(652) 6137125,2025-02-14
90,Charline,Konneke,ckonneke2h@dailymotion.com,(337) 8263335,2025-02-10
91,Spense,Cogdell,scogdell2i@biglobe.ne.jp,(583) 7481524,2025-02-16
92,Renaldo,Neate,rneate2j@goo.ne.jp,(677) 8202916,2025-02-18
93,Mario,Ell,mell2k@lulu.com,(896) 7244322,2025-02-22
94,Hunter,Stuchbery,hstuchbery2l@netscape.com,(322) 5629781,2025-02-21
95,Kellsie,Cullinan,kcullinan2m@google.pl,(161) 7040929,2025-02-21
96,Cristobal,Seeman,cseeman2n@java.com,(622) 5593933,2025-02-16
97,Merwyn,Maken,mmaken2o@sitemeter.com,(644) 9251229,2025-02-10
98,Ange,Playfoot,aplayfoot2p@alibaba.com,(998) 3006450,2025-02-22
99,Krysta,Embury,kembury2q@jugem.jp,(612) 7191536,2025-02-11
100,Vicky,Caban,vcaban2r@indiegogo.com,(741) 8131775,2025-02-27
101,Tildie,Chadwin,tchadwin2s@ftc.gov,(962) 7939514,2025-02-14
102,Agretha,Arnefield,aarnefield2t@reuters.com,(610) 1550707,2025-02-05
103,Garwin,Tofts,gtofts2u@nsw.gov.au,(153) 6600095,2025-02-04
104,Darill,Mertel,dmertel2v@imdb.com,(892) 8418621,2025-02-13
105,Tina,Blagden,tblagden2w@imgur.com,(881) 4250481,2025-02-06
106,Ephraim,Farnorth,efarnorth2x@parallels.com,(586) 8834387,2025-02-10
107,Angeli,Brandassi,abrandassi2y@indiegogo.com,(478) 2000533,2025-02-05
108,Helen-elizabeth,Millican,hmillican2z@topsy.com,(407) 1876049,2025-02-25
109,Hesther,Ordish,hordish30@businessweek.com,(335) 3699182,2025-02-15
110,Susannah,Collman,scollman31@meetup.com,(210) 1682406,2025-02-17
111,Bobette,Otto,botto32@kickstarter.com,(862) 3245638,2025-02-26
112,Giffie,Gorner,ggorner33@ft.com,(294) 3886215,2025-02-11
113,Halli,Hinkens,hhinkens34@rediff.com,(559) 4354076,2025-02-24
114,Karine,Cyphus,kcyphus35@scientificamerican.com,(882) 6694550,2025-02-05
115,Johanna,Clohessy,jclohessy36@mashable.com,(496) 3118593,2025-02-06
116,Ariana,MacGahey,amacgahey37@oracle.com,(581) 7146383,2025-02-01
117,Lacie,Fishbourn,lfishbourn38@live.com,(521) 5868735,2025-02-25
118,Barron,Pammenter,bpammenter39@1und1.de,(381) 9585130,2025-02-04
119,Madeleine,Buist,mbuist3a@blinklist.com,(404) 8369795,2025-02-03
120,Skipper,Glanfield,sglanfield3b@google.ru,(136) 9322754,2025-02-04
121,Maxie,Hogben,mhogben3c@vk.com,(490) 7917169,2025-02-09
122,Humfrid,McGebenay,hmcgebenay3d@ox.ac.uk,(548) 1411775,2025-02-23
123,Reamonn,Blasi,rblasi3e@moonfruit.com,(294) 2562418,2025-02-02
124,Eduardo,Ivanishchev,eivanishchev3f@sogou.com,(998) 3407238,2025-02-21
125,Cornelius,Cavey,ccavey3g@ted.com,(157) 6561571,2025-02-10
126,Brant,Champley,bchampley3h@about.me,(188) 6697508,2025-02-06
127,Hamil,Casino,hcasino3i@walmart.com,(571) 4426390,2025-02-27
128,Faith,Ellerman,fellerman3j@51.la,(290) 1514296,2025-02-08
129,Ramona,Drakard,rdrakard3k@wikipedia.org,(201) 6755313,2025-02-25
130,Cornela,Foucher,cfoucher3l@free.fr,(324) 9409058,2025-02-18
131,Ardine,Serfati,aserfati3m@php.net,(635) 5523218,2025-02-01
132,Lancelot,Coggles,lcoggles3n@acquirethisname.com,(346) 2177398,2025-02-21
133,Carly,Blackham,cblackham3o@uiuc.edu,(537) 5621178,2025-02-24
134,Rupert,Coldtart,rcoldtart3p@illinois.edu,(305) 1803399,2025-02-25
135,Daphene,Netti,dnetti3q@altervista.org,(303) 4086760,2025-02-26
136,Zora,Stadding,zstadding3r@gizmodo.com,(551) 6168581,2025-02-10
137,Sheelagh,Bachnic,sbachnic3s@de.vu,(837) 8443400,2025-02-08
138,Gabriella,Attle,gattle3t@yolasite.com,(714) 6258816,2025-02-01
139,Josefa,Malbon,jmalbon3u@mail.ru,(899) 2138460,2025-02-14
140,Lanita,Paradis,lparadis3v@army.mil,(983) 3019454,2025-02-22
141,Karalee,Piser,kpiser3w@wordpress.com,(549) 1330416,2025-02-06
142,Roslyn,Corsar,rcorsar3x@deviantart.com,(961) 2416851,2025-02-15
143,Amalle,Beacroft,abeacroft3y@furl.net,(524) 5561550,2025-02-01
144,Blithe,Pedlow,bpedlow3z@multiply.com,(188) 9061264,2025-02-18
145,Una,Shortell,ushortell40@cdc.gov,(160) 5402748,2025-02-11
146,Kasey,Powderham,kpowderham41@tinyurl.com,(677) 7420364,2025-02-04
147,Kaitlin,Rois,krois42@msu.edu,(802) 5418391,2025-02-02
148,Adrea,Korb,akorb43@ucoz.com,(292) 5913620,2025-02-14
149,Rachel,Holburn,rholburn44@bloomberg.com,(716) 1708551,2025-02-09
150,Eal,Charville,echarville45@apple.com,(978) 2152075,2025-02-05
151,Garry,Gapper,ggapper46@ezinearticles.com,(439) 6830587,2025-02-04
152,Nichole,Aldham,naldham47@senate.gov,(167) 3628826,2025-02-26
153,Jeanne,Georgot,jgeorgot48@trellian.com,(715) 4331719,2025-02-05
154,Barrie,Yourell,byourell49@bigcartel.com,(701) 5183358,2025-02-15
155,Olympe,Boyington,oboyington4a@ed.gov,(291) 5083696,2025-02-22
156,Kassie,Shadfourth,kshadfourth4b@addthis.com,(472) 2662190,2025-02-26
157,Arleen,Matthiesen,amatthiesen4c@walmart.com,(657) 1019626,2025-02-27
158,Kissee,Clementel,kclementel4d@senate.gov,(553) 2393338,2025-02-22
159,Nata,Peggs,npeggs4e@narod.ru,(340) 2504853,2025-02-23
160,Garwood,Burrells,gburrells4f@friendfeed.com,(442) 3890471,2025-02-22
161,Etheline,Verduin,everduin4g@bing.com,(906) 1078057,2025-02-23
162,Reggi,Kaindl,rkaindl4h@163.com,(390) 7047505,2025-02-06
163,Blinnie,Diben,bdiben4i@parallels.com,(591) 2920798,2025-02-24
164,Stearn,Tissier,stissier4j@deliciousdays.com,(839) 5980590,2025-02-07
165,Roma,Gallimore,rgallimore4k@paypal.com,(478) 2255486,2025-02-23
166,Adolf,Corstan,acorstan4l@cyberchimps.com,(757) 9880793,2025-02-01
167,Kris,Issakov,kissakov4m@pinterest.com,(358) 8916563,2025-02-20
168,Silvana,Jakoubec,sjakoubec4n@prweb.com,(943) 6680889,2025-02-18
169,Nadine,Dunabie,ndunabie4o@facebook.com,(585) 7827094,2025-02-19
170,Westbrooke,Cole,wcole4p@virginia.edu,(638) 8536562,2025-02-25
171,Oates,Keough,okeough4q@sphinn.com,(625) 7874206,2025-02-17
172,Jan,Cleal,jcleal4r@icq.com,(367) 8601339,2025-02-24
173,Durward,Martin,dmartin4s@yandex.ru,(627) 9486314,2025-02-25
174,Jean,Slocket,jslocket4t@exblog.jp,(918) 7811723,2025-02-03
175,Manda,Best,mbest4u@com.com,(614) 4347235,2025-02-15
176,Averill,Walthew,awalthew4v@studiopress.com,(529) 5684066,2025-02-19
177,Lisette,Brunker,lbrunker4w@umich.edu,(658) 8490952,2025-02-05
178,Korney,Domokos,kdomokos4x@mediafire.com,(296) 8261204,2025-02-26
179,Jonah,Cotty,jcotty4y@unblog.fr,(636) 1951789,2025-02-24
180,Zachary,McCrae,zmccrae4z@barnesandnoble.com,(171) 2587501,2025-02-04
181,Aprilette,Gilmour,agilmour50@ovh.net,(344) 7229553,2025-02-10
182,Gordan,Yusupov,gyusupov51@weebly.com,(521) 6305654,2025-02-16
183,Chadd,Riggeard,criggeard52@mtv.com,(227) 3790960,2025-02-11
184,Reggie,Coulson,rcoulson53@wikispaces.com,(170) 1026132,2025-02-07
185,Donni,Roofe,droofe54@macromedia.com,(244) 5065795,2025-02-24
186,Shadow,Zellner,szellner55@paginegialle.it,(349) 9081798,2025-02-11
187,Isobel,Tookey,itookey56@diigo.com,(899) 8044841,2025-02-11
188,Keefe,Neame,kneame57@1688.com,(349) 2099297,2025-02-08
189,Maribeth,Caslett,mcaslett58@chicagotribune.com,(535) 4911902,2025-02-20
190,Valera,Tinsey,vtinsey59@amazon.de,(957) 8385686,2025-02-12
191,Claude,Habin,chabin5a@who.int,(322) 3417497,2025-02-14
192,Zedekiah,Albrook,zalbrook5b@blinklist.com,(815) 4547758,2025-02-07
193,Damien,Vasilmanov,dvasilmanov5c@gov.uk,(830) 7810035,2025-02-27
194,Colin,Knappe,cknappe5d@arstechnica.com,(265) 1526398,2025-02-02
195,Rosaleen,Stuke,rstuke5e@wordpress.org,(117) 6071921,2025-02-03
196,Saraann,Jost,sjost5f@geocities.com,(511) 1599950,2025-02-27
197,Oliver,Zarfai,ozarfai5g@google.com.au,(177) 7017791,2025-02-05
198,Arty,Mushett,amushett5h@blogspot.com,(696) 2457237,2025-02-15
199,Diane,Dunrige,ddunrige5i@npr.org,(645) 9661278,2025-02-08
200,Torey,Dinwoodie,tdinwoodie5j@blogtalkradio.com,(104) 4395942,2025-02-13
