customer_id,first_name,last_name,email,signup_date,state
1,Sky,Hannent,shannent0@geocities.com,2022-12-19,Texas
2,Dulcinea,Gorse,dgorse1@redcross.org,2022-09-10,Vermont
3,Cooper,Tremlett,ctremlett2@deliciousdays.com,2020-08-19,Iowa
4,Harriett,Bunning,hbunning3@walmart.com,2021-02-14,Georgia
5,Terencio,Rosoman,trosoman4@dagondesign.com,2020-06-12,New Mexico
6,Dodi,Colten,dcolten5@scribd.com,2021-03-11,Illinois
7,Danya,McArdle,dmcardle6@aol.com,2022-05-26,New Hampshire
8,Mariel,Talboy,mtalboy7@google.com,2021-09-08,West Virginia
9,Alys,Brackenridge,abrackenridge8@dmoz.org,2021-05-12,Missouri
10,Glynnis,Rivallant,grivallant9@cocolog-nifty.com,2020-08-20,Connecticut
11,Yard,Climie,yclimiea@salon.com,2024-03-26,South Carolina
12,Ethyl,Bushen,ebushenb@about.me,2021-12-30,Arkansas
13,Raynard,Loveredge,rloveredgec@imgur.com,2020-04-27,Colorado
14,Thorstein,Berkeley,tberkeleyd@aol.com,2022-04-26,Mississippi
15,Ashlee,Mellem,amelleme@clickbank.net,2023-08-16,Minnesota
16,Sallie,Schutte,sschuttef@jiathis.com,2023-11-30,Illinois
17,Gail,Dutteridge,gdutteridgeg@gnu.org,2023-11-16,Maine
18,Nelly,Guilayn,nguilaynh@goo.gl,2023-06-18,Texas
19,Etienne,Dorr,edorri@dion.ne.jp,2023-05-29,Louisiana
20,Arlene,Stanion,astanionj@businessweek.com,2022-11-03,Colorado
21,Piotr,O' Cuolahan,pocuolahank@google.co.uk,2024-04-03,Colorado
22,Cathrine,McDermid,cmcdermidl@photobucket.com,2021-01-28,Hawaii
23,Thurstan,Climer,tclimerm@topsy.com,2021-12-22,Mississippi
24,Nickolas,Hawkwood,nhawkwoodn@google.es,2020-11-19,Arizona
25,Joelynn,Curry,jcurryo@1688.com,2022-07-08,Illinois
26,Corrie,Sidery,csideryp@sitemeter.com,2021-12-11,West Virginia
27,Bendick,Gatcliff,bgatcliffq@amazon.co.uk,2024-01-24,Arizona
28,Sal,Woonton,swoontonr@howstuffworks.com,2023-04-10,Wyoming
29,Brian,Martinek,bmartineks@earthlink.net,2022-01-30,Kansas
30,Violetta,Mutimer,vmutimert@furl.net,2021-12-31,Arkansas
31,Merry,Fillis,mfillisu@histats.com,2024-03-13,New Hampshire
32,Garnet,Pine,gpinev@drupal.org,2020-05-20,Nevada
33,Gerti,Fairbanks,gfairbanksw@ihg.com,2023-10-31,Kansas
34,Brittaney,Ibbitt,bibbittx@examiner.com,2020-06-24,California
35,Holden,Caven,hcaveny@cargocollective.com,2023-09-01,Nebraska
36,Tanhya,Craighead,tcraigheadz@google.de,2023-04-21,Alabama
37,Edithe,Keane,ekeane10@blogs.com,2020-12-26,Massachusetts
38,Dulcinea,Kirkbright,dkirkbright11@mlb.com,2021-10-14,West Virginia
39,Pam,MacCall,pmaccall12@example.com,2024-04-14,New Hampshire
40,Therine,Berkelay,tberkelay13@whitehouse.gov,2023-06-07,Iowa
41,Reeba,McKinlay,rmckinlay14@histats.com,2023-08-03,Michigan
42,Basilio,Caddell,bcaddell15@blogger.com,2023-08-13,South Dakota
43,Edan,Strotton,estrotton16@skyrock.com,2020-07-26,Tennessee
44,Eddy,Sacco,esacco17@weather.com,2023-07-19,Louisiana
45,Twyla,Danat,tdanat18@dell.com,2022-05-15,Wisconsin
46,Bonnie,Joinson,bjoinson19@so-net.ne.jp,2023-09-23,Wisconsin
47,Skippy,Levison,slevison1a@deviantart.com,2020-09-18,Illinois
48,Irena,Childes,ichildes1b@yellowpages.com,2021-03-09,Alaska
49,Donny,Cornillot,dcornillot1c@gnu.org,2021-04-25,West Virginia
50,Lib,Troop,ltroop1d@mit.edu,2023-08-31,Nevada
51,Vivien,Ivell,vivell1e@arstechnica.com,2023-04-23,Maryland
52,Martguerita,Passy,mpassy1f@trellian.com,2023-10-20,Arizona
53,Charis,Tallant,ctallant1g@fda.gov,2022-12-27,California
54,Benjy,Disbrey,bdisbrey1h@ehow.com,2023-06-10,Texas
55,Justinn,Barbrick,jbarbrick1i@si.edu,2021-04-02,Idaho
56,Lira,Steenson,lsteenson1j@walmart.com,2023-01-10,Louisiana
57,Cindy,Wasylkiewicz,cwasylkiewicz1k@mtv.com,2021-08-27,Hawaii
58,Gnni,Linacre,glinacre1l@bbb.org,2022-06-09,Oregon
59,Pascal,Sailes,psailes1m@altervista.org,2020-04-22,Georgia
60,Danny,Waslin,dwaslin1n@mysql.com,2020-12-24,Indiana
61,Malena,Maplesden,mmaplesden1o@jugem.jp,2020-11-30,Nevada
62,Bertina,Janecki,bjanecki1p@wufoo.com,2020-12-18,New Mexico
63,Fey,Bazoge,fbazoge1q@topsy.com,2020-10-30,Wyoming
64,Allx,Wickson,awickson1r@gizmodo.com,2024-04-03,Michigan
65,Pepi,Dockree,pdockree1s@about.me,2023-02-16,Mississippi
66,Antonina,Ellerey,aellerey1t@bing.com,2024-03-29,Arkansas
67,Renata,Stoyle,rstoyle1u@over-blog.com,2023-10-05,Hawaii
68,Morie,Stembridge,mstembridge1v@bbc.co.uk,2022-09-25,Wyoming
69,Lauritz,Jablonski,ljablonski1w@wired.com,2021-01-27,Idaho
70,Gisela,Schoenleiter,gschoenleiter1x@oracle.com,2020-10-17,South Dakota
71,Ignacio,Behrend,ibehrend1y@icio.us,2020-10-21,Tennessee
72,Umberto,Glossup,uglossup1z@abc.net.au,2021-03-04,Georgia
73,Natka,Matelyunas,nmatelyunas20@foxnews.com,2024-03-23,South Dakota
74,Annmarie,Correa,acorrea21@odnoklassniki.ru,2023-11-30,Nebraska
75,Jarrod,Marquez,jmarquez22@behance.net,2022-01-24,New York
76,Bord,Lenham,blenham23@printfriendly.com,2020-10-24,Michigan
77,Esmeralda,Glacken,eglacken24@etsy.com,2020-07-27,Indiana
78,Justino,Woodruff,jwoodruff25@latimes.com,2020-05-07,Florida
79,Carlo,Theze,ctheze26@amazon.com,2022-02-03,Delaware
80,Neile,Dablin,ndablin27@spotify.com,2021-08-18,Massachusetts
81,Stewart,L' Estrange,slestrange28@liveinternet.ru,2020-04-29,Tennessee
82,Sergent,Wylder,swylder29@taobao.com,2021-02-03,Louisiana
83,Roarke,Baudino,rbaudino2a@ftc.gov,2023-04-28,Michigan
84,Vivianne,M'Chirrie,vmchirrie2b@phoca.cz,2023-10-25,Kentucky
85,Torrin,Ivons,tivons2c@posterous.com,2023-01-26,California
86,Hayward,McCritichie,hmccritichie2d@yelp.com,2023-09-15,Idaho
87,Emiline,Merriday,emerriday2e@go.com,2023-08-01,Mississippi
88,Eadmund,Hearty,ehearty2f@slashdot.org,2021-03-07,Montana
89,Avrom,Nevill,anevill2g@people.com.cn,2022-01-26,Ohio
90,Dominic,Antyshev,dantyshev2h@networkadvertising.org,2022-07-12,Texas
91,Bertrando,Valek,bvalek2i@discuz.net,2022-04-06,North Dakota
92,Nissie,Cubbinelli,ncubbinelli2j@nsw.gov.au,2023-03-29,Idaho
93,Riccardo,Blodget,rblodget2k@mapquest.com,2023-12-13,Indiana
94,Freedman,Mapes,fmapes2l@smh.com.au,2022-08-22,Missouri
95,Celine,Quinlan,cquinlan2m@utexas.edu,2022-03-05,Rhode Island
96,Emma,Krout,ekrout2n@privacy.gov.au,2021-07-15,Montana
97,Kinny,Raffin,kraffin2o@hibu.com,2020-11-16,New Jersey
98,Barbee,Staynes,bstaynes2p@wikia.com,2020-06-23,Oklahoma
99,Fleming,Shimuk,fshimuk2q@t.co,2021-07-03,Vermont
100,Jaquelin,Rasmus,jrasmus2r@soup.io,2023-12-14,Minnesota
101,Karlotte,Adiscot,kadiscot2s@goo.gl,2021-04-06,Colorado
102,Galen,Madden,gmadden2t@nps.gov,2021-03-27,Montana
103,Hamil,Lygo,hlygo2u@vistaprint.com,2023-06-26,Montana
104,Ryan,Geistbeck,rgeistbeck2v@bloglines.com,2022-02-21,Arkansas
105,Dynah,Halbeard,dhalbeard2w@yahoo.co.jp,2020-06-28,Indiana
106,Sarah,Coling,scoling2x@upenn.edu,2020-06-07,Kansas
107,Starr,Hucke,shucke2y@guardian.co.uk,2021-08-29,Georgia
108,Wells,Doorbar,wdoorbar2z@surveymonkey.com,2022-10-03,South Carolina
109,Freddy,Sheerin,fsheerin30@technorati.com,2022-05-15,Hawaii
110,Addie,Willock,awillock31@squidoo.com,2021-10-31,Michigan
111,Renelle,Mourbey,rmourbey32@nba.com,2021-07-22,South Dakota
112,Jozef,Petrovsky,jpetrovsky33@arizona.edu,2023-01-13,Wisconsin
113,Lucine,Feedham,lfeedham34@1688.com,2021-08-29,Ohio
114,Adelice,Bemwell,abemwell35@i2i.jp,2023-03-16,California
115,Jen,Thickens,jthickens36@google.com,2024-03-02,New Jersey
116,Ada,Patroni,apatroni37@yahoo.com,2024-03-03,Utah
117,Emmanuel,Biset,ebiset38@so-net.ne.jp,2021-01-12,North Dakota
118,Halley,Eckhard,heckhard39@google.com,2022-08-11,Arizona
119,Hamid,Kamiyama,hkamiyama3a@live.com,2024-02-07,Illinois
120,Kelsi,Dougary,kdougary3b@ftc.gov,2023-07-22,Minnesota
121,Nady,Bassil,nbassil3c@rediff.com,2022-12-31,Nevada
122,Danie,Maryska,dmaryska3d@parallels.com,2021-08-15,North Carolina
123,Rivkah,Mulran,rmulran3e@comsenz.com,2023-01-17,Louisiana
124,Kimble,Ricks,kricks3f@moonfruit.com,2021-05-19,Nevada
125,Levi,Hunnywell,lhunnywell3g@amazon.co.jp,2023-03-11,Alaska
126,Debbie,Gergher,dgergher3h@meetup.com,2021-10-11,Utah
127,Gabrila,MacFayden,gmacfayden3i@bandcamp.com,2022-07-17,Vermont
128,Georgette,Blockey,gblockey3j@delicious.com,2021-12-24,Maryland
129,Almeria,Frill,afrill3k@army.mil,2024-04-11,Rhode Island
130,Gar,Ryan,gryan3l@dot.gov,2024-01-25,Texas
131,Stacie,Gobolos,sgobolos3m@gizmodo.com,2021-08-28,Iowa
132,Jacenta,Schrieves,jschrieves3n@bloglovin.com,2024-01-10,New Hampshire
133,Leonid,Bellfield,lbellfield3o@alexa.com,2021-01-06,Rhode Island
134,Jaime,Bennit,jbennit3p@nationalgeographic.com,2023-08-09,Kentucky
135,Aime,Tschursch,atschursch3q@nasa.gov,2021-03-18,Nebraska
136,Blisse,Stonnell,bstonnell3r@fema.gov,2021-10-07,Colorado
137,Townsend,Paolinelli,tpaolinelli3s@godaddy.com,2021-10-28,Oklahoma
138,Powell,Ebunoluwa,pebunoluwa3t@apple.com,2021-10-13,California
139,Rowland,Drinnan,rdrinnan3u@vk.com,2021-02-23,Oregon
140,Meg,McIver,mmciver3v@tinypic.com,2020-06-17,South Carolina
141,Skelly,Astell,sastell3w@paginegialle.it,2023-10-13,New Mexico
142,Bobby,Huniwall,bhuniwall3x@moonfruit.com,2022-12-08,Indiana
143,Wilburt,Cheshir,wcheshir3y@icio.us,2020-12-28,Nevada
144,Darill,Trenear,dtrenear3z@amazon.co.jp,2022-06-07,Delaware
145,Emma,Vassay,evassay40@bluehost.com,2023-07-31,Oklahoma
146,Abbe,Fawltey,afawltey41@xinhuanet.com,2020-12-04,Oklahoma
147,Gene,Farahar,gfarahar42@blog.com,2022-01-18,South Dakota
148,Cara,Wiersma,cwiersma43@merriam-webster.com,2023-06-18,Connecticut
149,Rubie,Luscombe,rluscombe44@yellowbook.com,2022-10-10,Illinois
150,Alan,Gerhardt,agerhardt45@behance.net,2022-05-13,North Carolina
151,Valaree,Shinefield,vshinefield46@spiegel.de,2020-12-10,Illinois
152,Madge,Jameson,mjameson47@epa.gov,2020-09-12,Oklahoma
153,Leon,Bourley,lbourley48@reverbnation.com,2022-03-09,Rhode Island
154,Sharl,Walne,swalne49@springer.com,2023-11-14,Ohio
155,Jessika,Bassano,jbassano4a@edublogs.org,2022-09-11,Arkansas
156,Karon,Warboys,kwarboys4b@goodreads.com,2021-06-16,Texas
157,Nikolai,May,nmay4c@ftc.gov,2021-07-07,North Carolina
158,Janie,Mazzey,jmazzey4d@bbb.org,2024-03-20,Georgia
159,Justin,Batalini,jbatalini4e@zimbio.com,2023-01-01,Montana
160,Esme,Didsbury,edidsbury4f@nationalgeographic.com,2024-04-13,Ohio
161,Madelyn,Faccini,mfaccini4g@house.gov,2023-03-28,Georgia
162,Rhoda,Ettles,rettles4h@github.com,2024-03-19,South Dakota
163,Rici,Corsan,rcorsan4i@ihg.com,2022-02-10,South Dakota
164,Darn,Dunk,ddunk4j@google.ru,2020-07-09,Indiana
165,Duncan,Wycliff,dwycliff4k@admin.ch,2021-08-11,Oregon
166,Evelina,Barbary,ebarbary4l@accuweather.com,2020-11-15,Wyoming
167,Consuela,Genney,cgenney4m@theglobeandmail.com,2022-03-14,Oklahoma
168,Yule,Berrow,yberrow4n@ow.ly,2023-09-21,Oklahoma
169,Virgie,Morena,vmorena4o@pcworld.com,2021-10-22,Washington
170,Lindy,Sherman,lsherman4p@trellian.com,2022-04-01,Indiana
171,Markos,Seymour,mseymour4q@bigcartel.com,2024-04-18,North Carolina
172,Neille,Girodias,ngirodias4r@typepad.com,2022-05-05,Virginia
173,Kally,Rigney,krigney4s@berkeley.edu,2022-11-04,New York
174,Ynes,Ayling,yayling4t@google.ca,2020-10-26,Connecticut
175,Hale,Sheering,hsheering4u@hao123.com,2021-12-24,Montana
176,Vivien,Raddon,vraddon4v@cocolog-nifty.com,2023-03-18,Delaware
177,Sarajane,Kilmartin,skilmartin4w@canalblog.com,2020-07-25,California
178,Blaine,Sheehy,bsheehy4x@reverbnation.com,2020-08-25,Wyoming
179,Florry,Jacob,fjacob4y@odnoklassniki.ru,2021-02-28,Oklahoma
180,Elsy,Bohlens,ebohlens4z@go.com,2021-05-13,Pennsylvania
181,Davon,Chiles,dchiles50@mozilla.org,2021-02-23,California
182,Tudor,Diche,tdiche51@globo.com,2022-04-15,Illinois
183,D'arcy,Winterson,dwinterson52@last.fm,2022-02-15,Wisconsin
184,Bibby,Wallhead,bwallhead53@hp.com,2020-05-21,Minnesota
185,Trista,Bissiker,tbissiker54@stanford.edu,2023-09-09,Ohio
186,Wyatt,Watkiss,wwatkiss55@businesswire.com,2024-02-28,Kentucky
187,Rickert,Bricksey,rbricksey56@sourceforge.net,2020-05-16,Nebraska
188,Carlos,Whale,cwhale57@photobucket.com,2022-11-23,Mississippi
189,Jan,Hourihan,jhourihan58@imageshack.us,2023-05-16,Arkansas
190,Vilhelmina,Del Castello,vdelcastello59@goodreads.com,2022-02-06,Hawaii
191,Moise,Adamovitz,madamovitz5a@sphinn.com,2022-12-24,Pennsylvania
192,Joannes,Kemer,jkemer5b@ebay.com,2024-02-09,Rhode Island
193,Ev,Rothon,erothon5c@state.tx.us,2023-01-31,Missouri
194,Ed,Firebrace,efirebrace5d@state.tx.us,2020-05-18,Florida
195,Moishe,Braganza,mbraganza5e@yellowpages.com,2022-06-28,Utah
196,Honoria,Titcom,htitcom5f@w3.org,2022-02-09,Nebraska
197,Harper,Coventon,hcoventon5g@surveymonkey.com,2020-06-29,Colorado
198,Allissa,Solesbury,asolesbury5h@odnoklassniki.ru,2021-10-21,Colorado
199,Hamel,Gosselin,hgosselin5i@miibeian.gov.cn,2021-05-04,New York
200,Ali,Hannon,ahannon5j@answers.com,2021-05-29,North Carolina
